retention_time,nor_ratio_Gly_plus0_Pro,nor_ratio_Gly_plus1_Pro,nor_ratio_Gly_plus2_Pro,intensity_Gly_plus0_Pro,intensity_Gly_plus1_Pro,intensity_Gly_plus2_Pro,total_intensity,counted_frag_ions,peptide,protein
1704.73596,0.91,1.07,1.02,358208.1,418478.3,400135.7,1176822.1,"['y4', 'y5', 'y6', 'y7', 'y8', 'y9', 'y10', 'y11', 'y12', 'y13_2charge']",TCVADESHAGCEK,P02769
2640.3696,1,1.01,0.99,126504.9,127159.4,125814.2,379478.5,"['y2', 'y3', 'y4', 'y5', 'y7', 'y8', 'y9_2charge']",QTALVELLK,P02769
2271.14016,0.92,1.01,1.08,202162.5,221376.6,237205.7,660744.8,"['y2', 'y3', 'y5', 'y7']",DDSPDLPK,P02769
1804.9287,0.66,0.99,1.35,21522.9,32277.5,44069,97869.4,"['y10_2charge', 'y11_2charge', 'y12_2charge']",QEPERNECFLSHK,P02769
1734.27354,0.92,0.99,1.09,32387,35062.2,38321.5,105770.7,"['y4', 'y5', 'y6', 'y7', 'y8_2charge']",SEIAHRFK,P02769
2079.24894,0.96,0.97,1.06,201052.8,202975.7,221710.3,625738.8,"['y2', 'y3', 'y4', 'y6', 'y7', 'y8_2charge']",QNCDQFEK,P02769
2578.84956,0.86,1.07,1.07,27561.2,34599.3,34519.1,96679.6,"['y2', 'y3', 'y5']",TVMENFVAFVDK,P02769
2291.31912,0.96,1.08,0.96,175284.9,196897.2,175841,548023.1,"['y2', 'y3', 'y4', 'y5', 'y6', 'y7']",DDSPDLPK,P02769
2144.06712,0.88,1.14,0.98,124518,161226.7,139005.9,424750.6,"['y2', 'y3', 'y4', 'y6', 'y7', 'y8_2charge']",DLGEEHFK,P02769
2116.15698,0.8,0.99,1.21,242687.3,301863.2,369420.4,913970.9,"['y6', 'y8', 'y9', 'y10', 'y10_2charge']",AWSVARLSQK,P02769
2099.52936,0.88,1.05,1.07,26174.9,31339.5,31913.8,89428.2,"['y2', 'y7', 'y8_2charge']",QNCDQFEK,P02769
2517.34212,0.92,0.96,1.12,277752.1,292140.1,338614.4,908506.6,"['y2', 'y3', 'y4', 'y5', 'y6', 'y7', 'y8', 'y9', 'y10_2charge']",LVNELTEFAK,P02769
1774.74702,0.91,1.03,1.05,113075.1,127982.3,130197.7,371255.1,"['y4', 'y5', 'y6', 'y7', 'y8', 'y6_2charge', 'y8_2charge']",SEIAHRFK,P02769
2660.61948,0.97,0.98,1.05,218735.6,220758.6,238346.9,677841.1,"['y2', 'y3', 'y4', 'y5', 'y6', 'y7', 'y8', 'y9_2charge']",QTALVELLK,P02769
2109.9675,1.04,0.97,0.99,106920,100568.5,102223.2,309711.7,"['y2', 'y3', 'y4', 'y5', 'y10', 'y11']",YICDNQDTISSK,P02769
2171.27106,1,0.97,1.03,128458.1,124932.8,132009.6,385400.5,"['y2', 'y3', 'y6', 'y9', 'y10', 'y11_2charge']",HLVDEPQNLIK,P02769
2409.33198,0.93,0.88,1.19,12561,11929.9,16211.2,40702.1,"['y2', 'y4', 'y7']",AEFVEVTK,P02769
1806.7386,0.9,1.01,1.1,71981.8,80975.7,88267.4,241224.9,"['y2', 'y11_2charge', 'y13_2charge']",QEPERNECFLSHK,P02769
2717.50506,1.34,0.8,0.87,30947,18441.2,20017.4,69405.6,"['y2', 'y3', 'y4', 'y5']",TVMENFVAFVDK,P02769
2190.42258,1.1,1.04,0.85,213524.1,201989.1,164620.8,580134,"['y5', 'y9', 'y10', 'y11', 'y12', 'y13_2charge']",LKPDPNTLCDEFK,P02769
2348.16558,0.97,0.97,1.06,140648.1,141535.7,153325.8,435509.6,"['y2', 'y3', 'y4', 'y5', 'y6', 'y7', 'y8_2charge']",AEFVEVTK,P02769
2327.79678,0.92,0.98,1.1,283430.9,301806.2,339698.8,924935.9,"['y2', 'y3', 'y4', 'y5', 'y6', 'y7', 'y8_2charge']",AEFVEVTK,P02769
2680.83714,0.89,1.09,1.02,39111.7,47759.7,44809.4,131680.8,"['y2', 'y4', 'y5', 'y7', 'y8', 'y9_2charge']",QTALVELLK,P02769
1754.63976,0.95,0.96,1.09,6314505.5,6387301.3,7198556.2,19900363,"['y2', 'y3', 'y4', 'y5', 'y6', 'y7', 'y8', 'y6_2charge', 'y7_2charge', 'y8_2charge']",SEIAHRFK,P02769
2123.06376,0.87,1.04,1.1,12423934.3,14860434.8,15750776,43035145.1,"['y2', 'y3', 'y4', 'y6', 'y7', 'y8_2charge']",DLGEEHFK,P02769
2702.15916,0.99,0.94,1.07,18571.7,17598.6,19992.9,56163.2,"['y2', 'y8', 'y9_2charge']",QTALVELLK,P02769
2537.4651,0.88,0.91,1.21,51522.1,53579.1,70690.7,175791.9,"['y2', 'y3', 'y8', 'y9']",LVNELTEFAK,P02769
2157.05604,0.9,1.11,1,20446.3,25223.4,22704.8,68374.5,"['y4', 'y6', 'y11']",EYEATLEECCAK,P02769
2697.31662,1.13,1.02,0.85,18350.9,16656.2,13793.3,48800.4,"['y2', 'y4', 'y5']",TVMENFVAFVDK,P02769
2191.70028,0.85,1.05,1.09,48804.1,60144.1,62463,171411.2,"['y2', 'y6', 'y10', 'y11_2charge']",HLVDEPQNLIK,P02769
2368.85232,0.98,1.07,0.95,57951.9,63098.2,56279.4,177329.5,"['y2', 'y3', 'y4', 'y6', 'y7', 'y8_2charge']",AEFVEVTK,P02769
2247.59976,0.88,0.9,1.23,15606.7,15945.2,21797.7,53349.6,"['y2', 'y3', 'y9']",EACFAVEGPK,P02769
2598.96792,0.88,1.05,1.07,102572.9,121794.3,123658,348025.2,"['y2', 'y3', 'y4', 'y5', 'y6', 'y11_1Met_oxida']",TVMENFVAFVDK,P02769
2089.40484,0.93,1.06,1,940482.2,1071125.3,1007724.7,3019332.2,"['y2', 'y3', 'y4', 'y5', 'y6', 'y8', 'y9', 'y10', 'y11', 'y12_2charge']",YICDNQDTISSK,P02769
2251.05576,0.9,1.06,1.05,83396.6,98330.3,97660.9,279387.8,"['y2', 'y3', 'y4', 'y5', 'y7']",DDSPDLPK,P02769
1724.99202,1.04,1.09,0.87,121929,127953.8,102354.4,352237.2,"['y4', 'y5', 'y6', 'y7', 'y10', 'y11', 'y12', 'y13_2charge']",TCVADESHAGCEK,P02769
